{"cameraMode":{"drawMode":0,"name":"Shaded","section":"Shading Mode"},"sceneLighting":true,"audioPlay":false,"sceneViewState":{"m_AlwaysRefresh":false,"showFog":true,"showSkybox":true,"showFlares":true,"showImageEffects":true,"showParticleSystems":true,"showVisualEffectGraphs":true,"m_FxEnabled":true},"in2DMode":false,"pivot":{"x":13.86542797088623,"y":-8.712532997131348,"z":30.616931915283204},"rotation":{"x":0.19885750114917756,"y":-0.10270039737224579,"z":0.020945288240909578,"w":0.9744327068328857},"size":31.108091354370118,"orthographic":false}